,Topic_0,Topic_0,Topic_1,Topic_1,Topic_2,Topic_2,Topic_3,Topic_3,Topic_4,Topic_4,Topic_5,Topic_5,Topic_6,Topic_6,Topic_7,Topic_7,Topic_8,Topic_8,Topic_9,Topic_9,Topic_10,Topic_10,Topic_11,Topic_11,Topic_12,Topic_12,Topic_13,Topic_13,Topic_14,Topic_14,Topic_15,Topic_15,Topic_16,Topic_16,Topic_17,Topic_17,Topic_18,Topic_18,Topic_19,Topic_19
,word,value,word,value,word,value,word,value,word,value,word,value,word,value,word,value,word,value,word,value,word,value,word,value,word,value,word,value,word,value,word,value,word,value,word,value,word,value,word,value
Word_1,staff,0.13136946711960656,nurse,0.07308871526060726,life,0.04733640733836947,patient,0.06506671695978122,people,0.11300413899316585,pain,0.12794739314232034,doctor,0.1924358220654517,review,0.047241812385276784,call,0.16511627906976745,test,0.06584612504679895,care,0.16621414819568545,nurse,0.16151513780151153,great,0.06592085798816567,insurance,0.05438319233987171,surgery,0.09506148740972087,room,0.07736123989932442,give,0.06950937337677669,good,0.05132699048572859,wait,0.16111491889421978,hospital,0.39699287786863624
Word_2,care,0.12614713785935203,baby,0.05439620215606765,die,0.027273619150397332,place,0.051346126644349094,place,0.05563576860140533,give,0.03851573508689526,time,0.05222418185381148,experience,0.04014104917399285,mother,0.03810375670840787,doctor,0.04810932235117933,medical,0.07202448536308437,mom,0.049327963071910216,staff,0.051913831360946745,pay,0.051826717486288,day,0.08295920359164552,walk,0.039210491455821964,time,0.06634556358313265,food,0.03615423134702053,hour,0.15773360749371715,bad,0.08419941967818517
Word_3,patient,0.1146884348222887,child,0.03941252101671447,year,0.02540959481997449,facility,0.024895091706351076,rude,0.04422947348156704,back,0.030295913574448097,visit,0.04409171075837742,make,0.03550381605641967,speak,0.036762075134168154,back,0.04211905653313366,facility,0.036629313323789305,question,0.03312666877856723,feel,0.04049556213017751,bill,0.051594310681416754,home,0.0407476088229553,bed,0.038239060361195745,day,0.06077348066298342,lot,0.03234852278417626,room,0.12227553118574366,give,0.045898179899762595
Word_4,nurse,0.053592252699893525,son,0.038027890416378204,heart,0.02236829196507407,staff,0.020934508934886135,treat,0.03989796900567908,doctor,0.026820103334899013,week,0.0405153831079757,person,0.03395807168389527,phone,0.03667262969588551,blood,0.040808685885436166,receive,0.03169274818581231,night,0.031678508394804725,make,0.04007951183431953,charge,0.034303244398996,husband,0.037868436463009955,leave,0.03064423543957257,medication,0.03678519148132408,nice,0.02553830746119179,emergency,0.08361891706648389,star,0.04452651015563176
Word_5,family,0.05273031486082239,daughter,0.0379289882306399,hospital,0.01883645639164132,make,0.018529869395068132,work,0.03936856290307056,leave,0.019680601221230623,appointment,0.038653733098177545,time,0.030045406240942905,back,0.02240608228980322,result,0.02943654062149008,health,0.030113047341659673,thing,0.022174955876363308,good,0.03989460059171598,send,0.028028260667472344,stay,0.03625805192270154,floor,0.02410915353026891,discharge,0.025027152098975304,thing,0.02298447671507261,minute,0.05026273703449852,experience,0.03460828277499341
Word_6,wife,0.0377224560158191,time,0.03530808030857482,friend,0.01859119003237516,lie,0.01786977226649064,bad,0.03551833670228126,arm,0.016345702207609208,find,0.030668234371938077,understand,0.023379383634431455,information,0.020259391771019677,symptom,0.022697491576188694,provide,0.027595399121291407,talk,0.021722405756437524,amazing,0.03245192307692308,service,0.02640141303337362,nurse,0.030841303923482336,clean,0.020311741069457323,med,0.02337441563960901,place,0.022333500250375563,check,0.03751427918665753,treat,0.02927987338433131
Word_7,love,0.030877655529077726,make,0.033181683315201264,find,0.01707053860492495,member,0.014852185392993541,job,0.028347290403311194,fall,0.015641146077970878,month,0.0210660395845581,thing,0.02081924451743793,patient,0.018336314847942754,covid,0.0182983901160614,treatment,0.02275756528607395,time,0.021269855636511743,kind,0.02819896449704142,money,0.02342660593102166,procedure,0.028938122194026937,door,0.019693557645604275,send,0.017330122302497992,parking,0.01942914371557336,long,0.029426547863833676,horrible,0.027222368768135056
Word_8,good,0.02737920194696547,check,0.02798931856394026,end,0.016334739527126458,group,0.010090056108255929,employee,0.02194628934449899,severe,0.01348050728041334,today,0.019204389574759947,hope,0.020046372331175732,number,0.01650268336314848,home,0.018251591164357917,professional,0.020388014019844993,feel,0.017332669593157442,friendly,0.02667344674556213,receive,0.02268290415543367,admit,0.028059730626585986,patient,0.0157195213494061,find,0.017235680219105633,pretty,0.01702553830746119,time,0.028010052547406898,service,0.020680559219203375
Word_9,nursing,0.024235663945647214,experience,0.026505785777865692,lose,0.015991366624153833,therapy,0.008911311235796124,unprofessional,0.017326017903551833,head,0.012400187881634571,make,0.01886145404663923,write,0.0190319775867066,contact,0.015966010733452593,send,0.0162392362411082,center,0.02033864836846522,start,0.016608589401276193,wonderful,0.024084689349112426,month,0.0206377242725667,surgeon,0.01761663088034355,sit,0.01501302600785976,issue,0.01529961750956226,area,0.01702553830746119,sit,0.02609092986063514,recommend,0.019361646003692955
Word_10,unit,0.017137352329767278,give,0.02175848086242706,save,0.0157951535367409,treatment,0.008911311235796124,attitude,0.01674848397343344,break,0.012306247064349459,issue,0.017146776406035666,feel,0.01898367307506521,leave,0.015474060822898032,high,0.01595844253088731,physician,0.016142568001184774,answer,0.015250939041498846,experience,0.023391272189349114,cost,0.016268476340987263,morning,0.017177435096623072,put,0.014262374707466772,medicine,0.014921849175992822,work,0.016624937406109163,arrive,0.0166323966186886,bring,0.017726193616460037
Word_11,stay,0.014298027683415301,delivery,0.020225496983483335,drug,0.013195330128519572,program,0.00881701164599934,horrible,0.01568967176821638,bad,0.011789572569281353,problem,0.017097785616304133,situation,0.01666505651627862,sign,0.014579606440071556,lab,0.015630849868962935,work,0.014760329762551217,put,0.015115174005521112,helpful,0.021634615384615384,billing,0.014734591428837037,night,0.016933437439000585,front,0.013114319777453967,wrong,0.014402417717334845,eat,0.01457185778668002,finally,0.016403929632168152,avoid,0.014508045370614614
Word_12,dad,0.014196623231759874,labor,0.018544159825932154,suffer,0.012901010497400176,hold,0.008769861851100947,guy,0.01568967176821638,leg,0.011742602160638797,schedule,0.014746227709190672,work,0.015795575306733648,answer,0.01426654740608229,feel,0.015116061400224635,excellent,0.01239077849632226,sister,0.014300583789654705,comfortable,0.021588387573964498,visit,0.013386631960583806,discharge,0.016591840718329105,bathroom,0.012496136353600919,problem,0.013646881050195967,car,0.013319979969954933,pm,0.015078821110349555,admit,0.012081245054075441
Word_13,father,0.012168534198651321,deliver,0.016714469389773515,live,0.012606690866280782,state,0.008628412466405772,woman,0.015160265665607854,home,0.010662282761860029,ago,0.014697236919459141,expect,0.012704086561684862,transfer,0.014087656529516995,sick,0.01422688131785848,level,0.012292047193562718,hear,0.014255328777662127,team,0.020432692307692308,amount,0.011573858882588082,week,0.016006246340035137,security,0.012142888682827748,end,0.011899702507437314,make,0.013069604406609914,busy,0.012794151245145076,ambulance,0.01128989712476919
Word_14,communication,0.011864320843685038,birth,0.016318860646820296,medical,0.012165211419601687,put,0.008486963081710595,absolutely,0.013523919530272403,walk,0.010568341944574918,clinic,0.011218890848520478,issue,0.012462564003477925,state,0.012656529516994633,start,0.013899288655934107,quality,0.01110727156044824,make,0.013712268633751188,nice,0.017797707100591715,cover,0.010923119828948592,infection,0.015274253367167675,bring,0.01187795292974787,prescription,0.011663597298956415,hospital,0.012969454181271907,triage,0.012291523874800092,run,0.010445792666842521
Word_15,lack,0.01110378745626933,kid,0.016269409553951144,condition,0.012165211419601687,therapist,0.008298363902117026,talk,0.011983829049956684,finally,0.01005166744950681,waste,0.011022927689594356,deal,0.011351560235726017,give,0.011314847942754919,run,0.012869711718457506,attention,0.01076171200078985,leave,0.012580893333936733,professional,0.014654215976331361,system,0.0103653434972576,release,0.014200663673628733,hand,0.011480549300128052,reason,0.010955281673513718,offer,0.011617426139208813,leave,0.011194882339501942,absolutely,0.00997098390925877
Word_16,compassion,0.010292551843025908,feel,0.015774898625259617,brother,0.011380359069949966,safe,0.00815691451742185,literally,0.011117528154779094,foot,0.00986378581493659,couple,0.011022927689594356,visit,0.011303255724084629,request,0.011270125223613595,order,0.012776113815050543,concern,0.008145332477662044,pass,0.011856813142055483,clean,0.014376849112426036,payment,0.009528678999721112,follow,0.014151864142104236,dirty,0.010994833752814943,long,0.010719176465032818,staff,0.010766149223835753,waiting,0.010966415352981495,poor,0.009707201266156687
Word_17,shift,0.00937991177812706,day,0.015527643160913856,treatment,0.011331305798096733,case,0.007685416568437927,face,0.010491866397150832,cut,0.009018318459370596,due,0.010728982951205173,concern,0.011013428654236306,refuse,0.010465116279069767,fever,0.011325346312242605,team,0.008046601174902503,eye,0.010634927818255872,super,0.014238165680473373,year,0.009203309472901367,explain,0.012346281475697832,stand,0.010774053958581711,happen,0.01048307125655192,great,0.010115172759138709,area,0.0105094813799406,negative,0.00965444473753627
Word_18,transfer,0.007706738325812503,stay,0.013500148353278608,cancer,0.010791719807711174,force,0.0071667688245556135,lady,0.010251227259601502,bleed,0.008736496007515266,year,0.01053301979227905,matter,0.010337165491256883,update,0.010330948121645795,diagnose,0.010997753650318232,year,0.007898504220763193,finally,0.010272887722315247,attentive,0.012943786982248521,collection,0.00901738402900437,back,0.01219988288112434,chair,0.010464962246655185,ignore,0.009208103130755065,big,0.009313970956434652,half,0.008361891706648389,choice,0.008388288050646267
Word_19,top,0.0071997160675353646,push,0.011868262288596578,treat,0.010791719807711174,report,0.00688387005516526,sick,0.010010588122052171,hurt,0.008736496007515266,set,0.009455222418185381,fact,0.009950729398125784,due,0.010330948121645795,work,0.010623362036690379,management,0.0075529446611048035,rest,0.009775082590396887,excellent,0.010401257396449703,claim,0.008692014502184623,change,0.010931095061487409,move,0.009405219234335674,talk,0.008924776880577986,people,0.009063595393089634,vital,0.007676490747087046,awful,0.006330783434450013
Word_20,support,0.006946204938396795,bear,0.008703392344970824,body,0.010644559992151477,stay,0.0067895704653684755,terrible,0.009962460294542305,put,0.008454673555659934,primary,0.009112286890064668,read,0.009564293304994687,paperwork,0.009928443649373881,check,0.010482965181579932,provider,0.007306116404205953,stop,0.00941304249445626,awesome,0.010123890532544378,company,0.00757646183880264,perform,0.009857505367948468,line,0.008742879851635979,list,0.008924776880577986,service,0.008462694041061593,lady,0.0072652501713502396,update,0.006119757319968346
